,pk,pre_nes_uid,Gender,DOB,DOB_reg,research_group,birth_place,birth_place_lat,birth_place_lng,current_residence_in_targetplace,current_residence,current_residence_lat,current_residence_lng,education_level,raised_in_targetplace,raised_place,generations_in_targetplace,time_away_from_targetplace,time_away_from_targetplace_elaboration,plan_to_live_in_targetplace,mother_tongue,mother_tongue_other,mother_tongue_itsComplicated,how_long_target,rate_target_speaking,rate_target_listening,formal_education_in_target,formal_education_elaboration,rate_polish_speaking,rate_polish_listening,know_other_languages,addLang_1,AL1c,addLang_1_rate_speaking,addLang_1_rate_listening,addLang_2,AL2c,addLang_2_rate_speaking,addLang_2_rate_listening,addLang_3,AL3c,addLang_3_rate_speaking,addLang_3_rate_listening,addLang_4,AL4c,addLang_4_rate_speaking,addLang_4_rate_listening,addLang_5,AL5c,addLang_5_rate_speaking,addLang_5_rate_listening,target_used_in_home,number_target_interlocuters,n_target_inter_reg,frequency_speaking_target,target_study_time,use_target_with_grandparents,use_target_with_parents,use_target_with_siblings,use_target_with_children,use_target_with_familyGathering,use_target_with_friends,use_target_with_neighbors,use_target_with_coworkers,use_target_with_businessActivities,use_target_with_romanticPartner,use_target_with_church,use_target_with_healthCare,use_target_with_shopping,use_target_with_socialMedia,use_target_with_elaboration,target_internal_dialogue,target_dreams,foreign_target_users,target_language_how_long,target_language_motivation,target_langauge_engagement,target_culture_engagement,parents_support_language_engagement,parents_support_culture_engagement,family_against_language_engagement,peers_against_langauge_engagement,people_against_elaboration,pride_speaking_target,shame_speaking_target,avoids_target,avoids_target_elaboration,target_speaker_criticism,locals_should_target,target_taught_to_schoolChildren,target_transmission_important,anything_to_add
0,12,,male,1992-10-07,1992-10,csb,Wałcz,53.273004,16.467365,TRUE,Gdynia,54.517778,18.5425,not finished Master,,W Złocieńcu,3+,True,,probably yes,polish,,,,8,8,none,Nie odebrałem formalnej edukacji w tym języku.,9,9,True,Angielski,English,7,8,Czeski,Czech,5,6,Białoruski,Belarusian,5,7,Niemiecki,German,4,6,Dolnołużycki,Lower Sorbian,5,7,never,100+,101,a few times per week,2-3 hours/week,never,never,never,unlikely,unlikely,very likely,maybe,likely,likely,maybe,never,maybe,likely,likely,,often,often,,12-13 lat,"Dawny język ziemi, z której pochodzę. Język przodków. Wewnętrzna potrzeba, żeby poznać język i kulturę Pomorza i Kaszub.",,5,they are neutral,they are neutral,no one,no one,,sometimes,never,False,Nie.,constructively,agree,agree,strongly agree,Njé.
1,16,,male,2000-10-16,2000-10,csb,Puck,54.718056,18.409167,TRUE,Rumia,54.564164,18.388891,not finished Bachelor,,Rumia,2,False,,probably yes,polish,,,,6,8,none,Nie odebrałem formalnej edukacji języka kaszubskiego,9,9,True,Angielski,English,8,9,Serbski,Serbian,5,7,Rosyjski,Russian,3,5,,,,,,,,,sometimes,10,10,a few times per week,8-9 hours/week,never,never,never,very likely,very unlikely,very likely,likely,likely,unlikely,maybe,never,unlikely,likely,always,,very often,very often,,± 6 lat,Obudził się we mnie pewien lokalny patriotyzm,,6,they don't like it,they don't like it,> one person,> one person,,always,sometimes,True,Wiele razy spotkałem się z różnymi wyzwiskami i innymi inwektywami z tego powodu,constructively,strongly agree,strongly agree,strongly agree,
2,19,,male,1991-07-10,1991-07,csb,Wejherowo,54.601667,18.238333,TRUE,Luzino,54.565692,18.108338,finished Bachelor,,Wejherowo,3+,False,,probably yes,polish,,,,7,8,none,"Jak najbardziej, ponieważ według mnie formalna edukacja, jako niespersonalizowana, jest umiarkowanie skuteczna. Kolektywne nauczanie nie jest w stanie wynieść odbiorcy nauki na poziom wyższy niż przeciętny, ponieważ poziom formalnej edukacji wyznacza przeciętną biegłość w danej dziedzinie. Jedynie samodzielna nauka jest w stanie nadgonić braki nauczania zbiorowego.",9,9,True,Angielski,English,7,7,Rosyjski,Russian,2,2,,,,,,,,,,,,,sometimes,3,3,rarely,1-2 hours/week,never,never,never,unlikely,never,likely,unlikely,very unlikely,very unlikely,never,unlikely,never,very unlikely,likely,Nie chcę,sometimes,never,,12 lat,"Poza zażywaniem tabaki, które chciałem uzupełnić o kontekst kulturowo-językowy, najważniejszą motywacją dla mnie była ciekawość i zdolności lingwistyczne. Teraz jest to chęć przekazania tożsamości swoim potomkom.",,5,they are neutral,they are neutral,no one,> one person,"Tak, są to przypadkowe osoby z internetu.",never,never,True,"W sumie chodzi o to, że odbiorcy by mnie nie zrozumieli, a rozmawiając pragnę być zrozumiany.",never,neutral,neutral,agree,"Tak. Każde pokolenie ma własny czas i swoje problemy i radości. Uważam, że istotne jest przekazanie kaszubskich tożsamości i języka przyszłym pokoleniom, o ile będą chętnymi odbiorcami. Nic na siłę. Do kolejnych pokoleń możemy dotrzeć jedynie aktywną promocją i przykładem."
3,20,,female,1983-02-27,1983-02,csb,Brodnica,52.407918,16.933467,TRUE,Reda,54.603333,18.349167,finished Master,,Brodnica/Bydgoszcz,0,True,Na Kaszubach mieszkam od 17 lat.,definitely yes,polish,,,,3,6,a2,"Uczę się od niecałych dwóch lat. Najwięcej nauczyłam się na studiach podyplomowych, jednak brauje mi po ich uończeniu okazji do mówienia i ćwiczenia umiejętności.",9,9,True,Angielski,English,4,7,,,,,,,,,,,,,,,,,sometimes,kilkoma,3,rarely,7-8 hours/week,never,never,never,never,never,maybe,maybe,maybe,maybe,maybe,maybe,maybe,maybe,maybe,"Nie jestem Kaszubką, więc nie rozmawiam z rodziną w tym języku. Mówię codziennie po kaszubsku, ale do dzieci, bo uczę tego języka. W kontaktach poza pracą  - rzadko. Udało mi się po kaszubsku rozmiawiać u wterynarza (Reda) i fryzjera (Gdynia).",sometimes,never,,koło 3lat,"Spodobało mi się, jak słyszałam ludzi mówiących po kaszubsku. Musiałam też nauczyć dzieci hymnu  kaszubskiego w pracy, na warsztatach Małego Kolberga na Pomorzu śpiewaliśmy w tym języku, spodobał mi się ten język, postanowiłam się go nauczyć. Im bardziej go poznawałam, tym bardziej mi się podobał i chciałam kontynuować naukę.",,5,they support it,they support it,one person,no one,Moja teściowa jest uprzedzona w stosunku do Kaszubów.,always,never,False,,constructively,strongly agree,agree,strongly agree,
4,21,,female,2000-04-01,2000-04,csb,Szubin,53.007478,17.73349,TRUE,Gdańsk,54.349722,18.653611,not finished Bachelor,,W Szubinie,NA,False,,definitely yes,polish,,,,6,9,none,Nie odebrałam formalnej edukacji,9,9,True,Angielski,English,5,7,,,,,,,,,,,,,,,,,never,15,15,everyday,<9 hours/week,never,unlikely,unlikely,very likely,never,unlikely,maybe,likely,maybe,maybe,never,never,maybe,likely,,very often,often,,Od roku,"Moją główną motywacją były moje studia. Dostałam się na nie przez przypadek, ale bardzo szybko zakochałam się zarówno w języku jak i kulturze Kaszub.",,5,they strongly support it,they strongly support it,no one,no one,"Nie ma w moim otoczeniu osób, które są przeciwko, za to jest bardzo dużo osób, które nie rozumieją mojego wyboru.",very often,never,False,,constructively,strongly agree,strongly agree,strongly agree,
5,22,90080700,male,1991-02-26,1991-02,csb,Wejherowo,54.601667,18.238333,FALSE,Warszawa,54.113036,17.332904,not finished Bachelor,,Lewinko,3+,False,,I don't know,complicated,,"mieszanką polskiego i kaszubskiego (językiem mającym kaszubską konstrukcję, słowa i wyrażenia, ale słowa były spolszczone)",,9,9,none,"Nie.

Nie odbyłem żadnej formalnej edukacji w języku kaszubskim, nauczyłem się go samodzielnie. Nie ukończyłem żadnego kursu, który potwierdziłby znajomość mojego języka. Do tego, nie wiem, czy w ogóle istnieje podział znajomości języka kaszubskiego w kategoriach wskazanych powyżej.",9,9,True,angielski,English,6,8,niemiecki,German,4,5,rosyjski,Russian,3,3,włoski,Italian,3,3,śląski,Silesian,4,8,sometimes,150,150,everyday,<9 hours/week,never,unlikely,never,very likely,always,always,very likely,very likely,maybe,very unlikely,likely,very unlikely,maybe,always,"rozmowy z dziadkami nie podejmę w związku z tym, że już nie żyją.",very often,very often,,17 lat,"Zrozumiałem, że kultura kaszubska jest inna od polskiej i aby ją w pełni w swoim życiu zachować potrzebowałem poznać język moich przodków, który słyszałem w swojej wsi, ale nie potrafiłem w nim mówić.",,9,they don't like it,they don't like it,> one person,> one person,,always,never,False,,constructively,strongly agree,strongly agree,strongly agree,
6,23,,male,1996-04-19,1996-04,csb,Gdańsk,54.349722,18.653611,FALSE,Kraków,50.061781,19.93737,not finished Bachelor,True,Gdańsk,3+,True,Wyjechałem na studia do Krakowa i od prawie 5 lat w nim mieszkam.,probably yes,polish,,,,6,8,none,-,9,9,True,angielski,English,9,9,niemiecki,German,3,5,,,,,,,,,,,,,sometimes,2,2,rarely,1-2 hours/week,very likely,likely,likely,very likely,maybe,very unlikely,very unlikely,never,never,very unlikely,never,never,maybe,likely,"Kilka z pytań i odpowiedzi wymaga doprecyzowania: z dziadkami tak, gdyby żyli. Z sąsiadami raczej nie, gdyż nie mieszkam na kaszubach, w kościele nie - nie jestem wierzący.",sometimes,never,strongly agree,"Od trzech, czterech lat",Chciałem lepiej poznać literaturę kaszubską oraz nauczyć się płynnie mówić i pisać w języku moich dziadków.,3,5,they strongly support it,they strongly support it,no one,> one person,"Między innymi moja była partnerka nie chciała żebym mówił po kaszubsku, a najlepiej żebym nic na ten temat nie wspominał i ""zajął się czymś co istnieje i jest pożyteczne""",often,sometimes,False,,hurtfully,agree,agree,strongly agree,
7,24,,male,1992-07-31,1992-07,csb,Banino,54.390007,18.395937,TRUE,Banino,54.390007,18.395937,finished Bachelor,Banino,Banino,3+,False,,definitely yes,kashubian,,,,9,9,c2,"Sama formalna edukacja w kwestii języka kaszubskiego nie do końca oddała to, czego tak naprawdę nauczyłem się sam i także z pomocą kilku innych osób. Mnie nauczono języka literackiego, który niestety odbiega od żywego języka, którym posługują się nasi wujowie, dziadkowie, kuzyni, przyjaciele. Oprócz znajomości leterackiej mowy sam nauczyłem się mowy dialektalné, nie tylko od rodziców i dziadków ale także z tekstów spisanych przez Lorentza.",9,9,True,Japoński (jestem w fazie uczenia się),Japanese,3,3,Rosyjski (jestem w fazie uczenia się),Russian,3,3,,,,,,,,,,,,,always,70,70,most of the time,3-4 hours/week,always,always,never,always,always,always,always,likely,very likely,always,always,always,always,always,,always,always,Brak,Każdego dnia,"- Moje serce jest kaszubskie, umysł także zaś język jest moim językiem narodowym.",120%,8,they strongly support it,they strongly support it,no one,no one,,always,never,False,,never,strongly agree,strongly agree,strongly agree,Nie
8,25,,male,2000-05-22,2000-05,csb,Kościerzyna,54.121111,17.9775,TRUE,Brusy,53.886667,17.717778,not finished Bachelor,True,Brusy,1,False,,definitely yes,polish,,,,8,9,b2,"Myślę, że nie. Większość ""kaszubskiego"" nauczyłem się poza szkołą.",8,9,True,angielski,English,6,5,Niemiecki,German,6,5,,,,,,,,,,,,,sometimes,40,40,everyday,<9 hours/week,unlikely,very unlikely,likely,maybe,unlikely,very likely,unlikely,likely,unlikely,very likely,likely,unlikely,very unlikely,always,,often,often,agree,Od 6 lat,"Dzięki Kaszubskiemu Liceum w Brusach, odkryłem skarb jakim jest język kaszubski a co najważniejsze tożsamość, że jestem Kaszub.",9,9,they support it,they like it,no one,one person,,always,never,False,,constructively,agree,agree,strongly agree,Wiedno Kaszëbë
9,26,,female,1994-09-21,1994-09,csb,Luzino,54.565692,18.108338,TRUE,Luzino,54.565692,18.108338,finished Master,True,Luzino,3+,False,,definitely yes,polish,,,,4,8,none,Nie dotyczy.,9,9,True,Język angielski,English,9,9,Język niemiecki,German,3,6,,,,,,,,,,,,,very often,6,6,a few times per week,>1 hour/week,very likely,likely,maybe,likely,very likely,unlikely,unlikely,likely,unlikely,likely,unlikely,very unlikely,very unlikely,very unlikely,,sometimes,never,strongly agree,15 lat,"Chciałam lepiej porozumiewać się z moją rodziną, głównie dziadkami. 
Zaczęłam pracę w kaszubskiej szkole, więc moje zainteresowanie tym językiem wzrosło.",6,4,they support it,they like it,no one,no one,,very often,never,False,,constructively,agree,agree,strongly agree,
10,27,,male,1983-06-23,1983-06,csb,Puck,54.718056,18.409167,FALSE,Pilece,53.984722,21.235556,post Master education,True,Lebcz,3+,True,Po studiach w Gdansku prowadze zycie podzielone pomiedzy Dolna Saksonia a Kaszubami,definitely yes,kashubian,,,,9,9,none,"Nie. Nie posiadam zadnej edukacji w jezyku kaszubskim, mimo ze jest to moj jezyk ojczysty",9,9,True,Niemiecki,German,9,9,angielski,English,6,8,,,,,,,,,,,,,very often,10,10,everyday,>1 hour/week,very likely,likely,maybe,likely,likely,maybe,maybe,never,never,likely,very unlikely,very unlikely,maybe,likely,Praca w miedzynarodowej korporacji wymaga uzywania jezyka niemieckiego albo angielskiego,very often,very often,agree,od urodzenia,"jest to jezyk ojczysty: Jezyk serca, czesc mojej osobowosci",7,6,they support it,they support it,no one,no one,,very often,never,False,,constructively,strongly agree,strongly agree,strongly agree,
11,28,,female,2003-11-10,2003-11,csb,Bytów,54.168889,17.489445,TRUE,Lipnica,49.498611,19.613333,not finished secondary school,True,Lipnica,3+,False,,probably yes,polish,,,,7,7,a2,"Nie, ponieważ języka kaszubskiego uczyłam się sama poprzez udział w konkursach recytatorskich oraz w domu, ze szkoły nie wyniosłam umiejętności posługiwania się j. kaszubskim na zadowalającym poziomie. Uważam, że jest on w rzeczywistości wyższy niż formalny.",9,9,True,Angielski,English,6,6,Niemiecki,German,4,4,,,,,,,,,,,,,often,5,5,a few times per week,1-2 hours/week,very likely,maybe,maybe,maybe,very likely,likely,maybe,maybe,unlikely,likely,likely,unlikely,likely,likely,,often,never,strongly agree,9 lat,"Czuję, że jest to część mnie. Moje dziedzictwo, kultura i to, kim jestem. Dlatego chcę używać tego języka i się go uczyć.",6,8,they support it,they strongly support it,no one,no one,,always,never,False,,never,agree,neutral,strongly agree,
12,29,,male,2002-10-15,2002-10,csb,Wejherowo,54.601667,18.238333,TRUE,Reda,54.603333,18.349167,finished middleschool,True,Reda,3+,False,,definitely yes,polish,,Z większością rodziny komunikowałem się po po,,7,7,none,"Trochę tak, polski się rozwinął i mówię dojrzale, po kaszubsku nadal jak dziecko.",9,9,True,Białoruski,Belarusian,6,7,Rosyjski,Russian,5,6,,,,,,,,,,,,,sometimes,4,4,a few times per week,2-3 hours/week,never,likely,unlikely,very unlikely,maybe,likely,maybe,unlikely,very unlikely,maybe,maybe,very unlikely,unlikely,very likely,,often,never,agree,"Od 8-9 lat, tj. k. V klasy SP","Zarówno wtedy, jak i dziś jest to kwestia wew. potrzeby.",3,2,they like it,they like it,no one,no one,,always,never,False,,constructively,strongly agree,strongly agree,strongly agree,
13,30,,male,1982-12-06,1982-12,csb,Szczecëno/Szczecin,53.431815,14.54676,FALSE,Szczecëno/Szczecin,53.431815,14.54676,finished Master,False,Szczecëno/Szczecin,3+,True,"Urodziłem się i mieszkam poza Kaszubami, tak jak obecnie pojmuje się ten region.",probably no,complicated,,"Dominowała polszczyzna, ale z naleciałościami kaszubskimi i z językiem niemieckim jako drugim w pokoleniu dziadków.",,7,8,none,Nie odbierałem edukacji formalnej. Moja kaszubszczyzna to to co wyniosłem z domu i to do czego doszedłem sam.,9,9,True,angielski,English,7,9,niemiecki,German,3,5,czeski,Czech,2,7,,,,,,,,,very often,3,3,everyday,6-7 hours/week,very unlikely,likely,never,very likely,maybe,always,maybe,very likely,maybe,always,never,very unlikely,likely,always,Nie,always,very often,strongly agree,świadomie od ok. 10 lat,"Moja rodzina od wieków mieszka na Pomorzu. Czuję związek z Pomorzem, to moja Ojczyzna i mój kraj, czuję potrzebę posługiwania się językiem jakim przed wiekami i przez wieki posługiwali się moi przodkowie. Utożsamiam język pomorski (słowiański) z językiem kaszubskim.",7,7,they like it,they support it,no one,no one,"Zaznaczyłem obie odpowiedzi ""nie ma"", z tego względu, że nie docierają do mnie takie opinie, a nawet gdyby miały docierać, nie jestem nimi zainteresowany i nie mają wpływu na mnie.",always,never,False,,constructively,strongly agree,strongly agree,strongly agree,Życzę powodzenia.
14,31,,female,1998-05-19,1998-05,csb,Puck,54.718056,18.409167,FALSE,Smolno,54.66188,18.41043,not finished Master,True,Smolno,3+,False,,probably yes,polish,,,,8,9,c2,Tak,9,9,True,Angielski,English,5,7,,,,,,,,,,,,,,,,,always,5,5,everyday,1-2 hours/week,very likely,maybe,never,very likely,unlikely,likely,never,always,likely,maybe,unlikely,never,unlikely,likely,,very often,never,strongly agree,4 lata,Kaszubskiego zaczęłam się uczyć na studiach.,7,8,they strongly support it,they strongly support it,no one,no one,,very often,never,False,,never,strongly agree,strongly agree,strongly agree,
15,32,,male,2001-09-10,2001-09,csb,Wejherowo,54.601667,18.238333,TRUE,Łężyce,54.515279,18.374661,not finished Master,True,Łężyce,3+,False,,definitely no,polish,,,,8,9,b2,"Jô jem dbë, co jo, Kò maturalnô niwizna B2 nie je nijak wësokô. Mëszlã, że znajã kaszëbsczi na kąsk wëższi rówiznie jakno na maturalnô.",9,9,True,Angielski,English,4,9,Hiszpański,Spanish,4,4,,,,,,,,,,,,,often,50,50,everyday,1-2 hours/week,always,very unlikely,very unlikely,very likely,very likely,likely,very likely,very likely,very unlikely,likely,very unlikely,very unlikely,maybe,very likely,,very often,sometimes,strongly agree,10 lat,"Chęć poznania i zrozumienia siebie i tego, kim jestem.",7,8,they are neutral,they are neutral,one person,> one person,"Osoby o poglądach z nurtu polskiego nacjonalizmu uważają, że zaangażowanie na rzecz kaszubszczyzny jest niebezpieczne, a zaangażowani są wrogami Polski i Polaków.",always,never,False,,constructively,strongly agree,strongly agree,strongly agree,
16,33,,female,2004-08-08,2004-08,csb,Kościerzyna,54.121111,17.9775,TRUE,Kościerzyna,54.121111,17.9775,not finished secondary school,True,Kościerzyna,3+,False,,probably yes,polish,,,,8,9,b2,"Mam umiejętności wyższe od poziomu formalnej edukacji, są zauważalne różnice w biegłości i rozumieniu języka pomiędzy uczniami z mojej grupy",9,9,True,Angielski,English,8,8,Hiszpański,Spanish,2,4,,,,,,,,,,,,,sometimes,1,1,once per week,3-4 hours/week,likely,very unlikely,likely,likely,maybe,very unlikely,never,never,never,maybe,very unlikely,never,unlikely,very likely,,sometimes,never,strongly agree,12 lat,"Konkursy i wysokie wyniki w nich już od początku nauki, przy tym bardzo wspierająca i motywująca nauczycielka",6,6,they strongly support it,they like it,no one,no one,,always,never,False,,never,agree,neutral,strongly agree,
17,34,,male,1992-06-14,1992-06,csb,Działdowo,53.238607,20.182461,TRUE,Gdańsk,54.349722,18.653611,post Master education,False,Działdowo/Krasnołąka,0,True,"wychowany na Mazurach, reszta życia w Trójmieście",probably yes,polish,,,,6,8,none,nie dotyczy,9,9,True,mazurski,Mazurian,8,9,angielski,English,6,7,pruski,Prussian,7,8,esperanto,Esperanto,6,8,duński,Danish,5,6,never,5-10,10,once per week,1-2 hours/week,never,never,never,maybe,never,maybe,unlikely,very unlikely,maybe,never,never,never,unlikely,maybe,,sometimes,sometimes,agree,10 lat,"jest to język przyjaciół i regionu, w którym żyję",2,2,they are neutral,they are neutral,no one,no one,,sometimes,never,False,,constructively,agree,neutral,strongly agree,
18,35,,female,1985-08-27,1985-08,csb,Gdynia,54.349722,18.653611,TRUE,Lubnia,53.929439,17.747902,finished Master,True,Gdynia/ Wiele,3+,False,,definitely yes,polish,,,,7,9,none,"Brak formalnej edukacji nie oddaje rzeczywistych zdolności, ponieważ mimo tego świetnie odnajduję się w roli nauczyciel a tego języka i łatwo przychodzi mi nabywanie nowych kompetencji językowych w tym kierunku.",9,9,True,Angielski,English,7,8,Rosyjski,Russian,8,9,Hiszpański,Spanish,6,7,,,,,,,,,very often,20,20,everyday,<9 hours/week,very likely,very likely,maybe,very likely,likely,very likely,likely,very likely,likely,very likely,likely,maybe,likely,likely,,often,never,agree,Od października 2020 roku,Oferta pracy i rozwój zainteresowana tym tematem wraz z poznawaniem go.,9,7,they like it,they like it,no one,no one,,always,never,False,,constructively,strongly agree,strongly agree,strongly agree,"Uważam, że ważne jest uświadomienie dzieciom kaszubskim,  że mamy piękne tradycje, piękny jezyk, coś co nas wyróżnia i warto to pielęgnować, aby przetrwało pokolenia."
19,36,,female,1983-02-27,1983-02,csb,Brodnica,52.407918,16.933467,TRUE,Reda,54.603333,18.349167,finished Master,False,"Brodnica, Koszajny, Bydgoszcz",0,True,"Na Kaszuby przeprowadziłam się dopiero w wieku lat 21, trafiając tutaj na studia (UG).",definitely yes,polish,,,,5,7,b2,"Zaczęłam się uczyć na zajęciach dla dorosłych w KFK w Gdyni, co pozwoliło mi póżniej rozwijać te umiejętności na studiach podyplomowych z języka kaszubskiego dla nauczycieli. Przez to, że była to edycja zdalna (covid) nie było tylu okazji do ćwiczenia mówienia, jak na stacjonarnej edycji, więc najtrudniej było mi płynnie mówić.",9,9,True,Angielski,English,5,7,,,,,,,,,,,,,,,,,sometimes,5,5,rarely,7-8 hours/week,never,never,never,very likely,never,maybe,very unlikely,maybe,very unlikely,never,very unlikely,very unlikely,very unlikely,maybe,W pracy rozmawiam po kaszubsku z katechetką i innymi nauczycielami kaszubskiego. Zdarzyło mi się rozmawiać podczas wizyty u weterynarza (Reda) i fryzjera (Gdynia).,sometimes,never,strongly agree,koło 3 lat,"Zainteresowanie etnografią, przyrodą i bogactwem kulturowym regionu. Rozpoczęcie pracy w szkole, w której na pasowaniu pierwszaków śpiewano hymn kaszubski (marsz). Projekt Mały Kolberg na Pomorzu, który pomógł mi odkryć, że chcę tego uczyć dzieci. Chęć przekwalifikowania się zawodowego.",7,7,they support it,they support it,no one,no one,,often,never,False,,constructively,strongly agree,strongly agree,strongly agree,
20,38,,female,1995-12-27,1995-12,csb,Kartuzy,54.333611,18.202778,TRUE,Mściszewice,54.262999,17.853059,finished Bachelor,True,Sierakowice,3+,False,,definitely yes,polish,,,,9,7,c2,"Pytanie nie do końca jest dla mnie zrozumiałe. To wszystko, czego nauczyłam się w trakcie studiów, nadal wykorzystuję. Jednakże ze względu na własne zainteresowania po zakończeniu studiów zaczęłam się szkolić w wybranych dziedzinach (np. gramatyka języka kaszubskiego), natomiast wiedzę, którą zdobyłam, a której nie wykorzystuję na co dzień, z pewnością wymagałaby odświeżenia (np. historia Kaszubów, literatura kaszubska). Jeśli chodzi o zdolności językowe - są one na większym poziomie niż w trakcie studiów czy krótko po zakończeniu edukacji.",7,7,True,niemiecki,German,4,7,,,,,,,,,,,,,,,,,often,200,200,everyday,5-6 hours/week,likely,unlikely,never,very likely,likely,very likely,maybe,unlikely,maybe,very likely,maybe,maybe,likely,always,,sometimes,sometimes,strongly agree,od 6 lat,"Duży wpływ na podjęcie studiów na kierunku etnofilologia kaszubska miał Kaszubski Zespół Pieśni i Tańca ""Sierakowice"", którego byłam członkiem około 10 lat. Zespół rozbudził to, co było uśpione. Istotny wpływ na to miała także moja śp. prababcia Urszula, u której spędzałam każde wakacje letnie. Miała trudności z mówieniem po polsku. Gdyby można było cofnąć czas z tą świadomością, którą mam dzisiaj, zrobiłabym to. Bez wahania. Ile ciekawych rzeczy mogłaby mi opowiedzieć. Słuchanie jej mowy byłoby miodem dla uszu. Wspomnę także, że pierwszym kierunkiem, na który aplikowałam, była lingwistyka stosowana. Z tego względu, że napisałam jedynie podstawową maturę z języka angielskiego (naukę rozpoczęłam dopiero w szkole średniej, cykl 3-letni), nie dostałam się na ten kierunek. Potem powstało jakieś zamieszanie. Nie potrafię sobie już teraz dokładnie przypomnieć jak to się stało, że nie zdecydowałam się na filologię niemiecką (to był dla mnie wtedy najważniejszy język!), a zostałam na etnofilologii kaszubskiej. Ten ostatni stał w moim rankingu na 3. miejscu. Było to jedynie koło ratunkowe. Potoczyło się tak, jak powinno. :)",7,7,they don't like it,they don't like it,no one,no one,,very often,never,False,,never,neutral,neutral,strongly agree,
21,39,,male,2002-12-02,2002-12,csb,Chojnice,53.69528,17.563055,TRUE,Brusy,53.886667,17.717778,not finished Bachelor,True,Brusy,3+,False,,probably yes,polish,,,,7,8,a1,"Uważam, że nie. Edukację kaszubskiego odbierałem tylko przez niecałe trzy lata w podstawówce.",9,9,True,Angielski,English,7,8,,,,,,,,,,,,,,,,,sometimes,2,2,rarely,>1 hour/week,maybe,unlikely,very unlikely,very unlikely,very unlikely,unlikely,never,never,never,very unlikely,unlikely,never,very unlikely,unlikely,,sometimes,never,strongly agree,Około 3 lat,"1. Nauka w liceum w Chojnicach gdzie poczułem odrębność i przynależność do Kaszubów
2. Zainteresowanie historią rodziny
3. Wpływ niektórych znajomych",2,4,they are neutral,they are neutral,no one,no one,"Ciekawostka. Moja babcia, która zna kaszubski najlepiej w rodzinie, mówi, że to brzydki język i nie mam tak mówić. Babcia nie mówi jednak już po kaszubsku ale często „kaszubi”. Nie powiedziałbym też, że jest przeciwna mojemu zaangażowaniu w język kaszubski.",sometimes,never,True,"Wydaje mi się, że niektórzy ludzie mogliby traktować to jako naśmiewanie się",never,agree,strongly agree,strongly agree,
22,40,,male,1995-08-27,1995-08,ru,Siemianowice Śląskie,50.3025,19.033611,,Siemianowice Śląskie,50.3025,19.033611,not finished Master,,,,,,probably no,other,śląski,,,8,9,c2,"Studia magisterskie odbyłem w formie zdalnej, więc praktyczna nauka języka stała na bardzo niskim poziomie, niemniej wydaje mi się, że czerpana skądinąd wiedza rzeczywiście pozwala mi na określenie swojego poziomu jako C2.",9,9,True,ukraiński,Ukrainian,8,9,białoruski,Belarusian,6,8,angielski,English,6,7,chorwacki,Croatian,4,6,kaszubski,Kashubian,3,7,never,10,10,once per week,4-5 hours/week,,,,,,,,,,,,,,,,often,often,,ok. 7 lat,"Ciężko pisać o początkowych motywacjach, rozpoczęcie znajomości z językiem rosyjskim było dziełem przypadku, szybko doszło jednak pragnienie kontaktu z literaturą rosyjską w oryginale. Obecnie celowo się nie uczę, podtrzymuję natomiast bardzo częsty kontakt, który pomaga zapamiętywać leksykę oraz konstrukcje gramatyczne.",,,,,,,,,,,,,,,,
23,41,,male,1997-08-14,1997-08,ru,Bydgoszcz,52.407918,16.933467,,Poznań,52.407918,16.933467,not finished Master,,,,,,I don't know,polish,,,,4,7,b1,"Tak, choć wcześniej moje zdolności przewyższały mój poziom formalnej edukacji",9,9,True,Angielski,English,7,7,Turecki,Turkish,7,7,Kazachski,Kazakh,5,5,,,,,,,,,never,3,3,once per week,>1 hour/week,,,,,,,,,,,,,,,,sometimes,never,,Od 2013 roku,"Zacząłem naukę rosyjskiego w liceum, bez jakichś konkretnych ambicji. Przez te 3 lata ten język spodobał mi się tak bardzo, że poświęcałem dużo dodatkowego czasu na naukę go w domu. Używając go niemal codziennie osiągnąłem poziom pozwalający mi podejść do matury rozszerzonej w 2016 z rezultatem oscylującym wokół 60%. Po skończeniu liceum i rozpoczęciu studiów turkologicznych nie dysponowałem już taką ilością czasu na naukę rosyjskiego, zacząłem używać go w coraz mniejszym stopniu. Najczęściej używam go w celach naukowych, z powodu bogatej bibliografii w dziedzinie turkologii w języku rosyjskim. Znajomość tego języka otworzyła mi dostęp do źródeł niedostępnych dla większości studentów nieznających rosyjskiego. Ubogaciło i ułatwiło to mi m.in. napisanie pracy licencjackiej",,,,,,,,,,,,,,,,
24,42,,male,1985-11-28,1985-11,ru,Konin,52.228108,18.254067,,Toruń,53.012953,18.605666,post Master education,,,,,,I don't know,polish,,,,8,8,c2,"Jeśli poziom C2 uznamy za poziom zbliżony do poziomu nosiciela języka, to zapewne daleko mi do tego poziomu. Z drugiej strony wykształcenie filologiczne i - w związku z tym - ilość godzin, jakie poświęciłem na naukę języka sprawia, że uważam, iż mój poziom jest wyższy niż C1.",9,9,True,Rosyjski,Russian,8,9,angielski,English,6,7,czeski,Czech,4,7,,,,,,,,,never,1-3,3,rarely,1-2 hours/week,,,,,,,,,,,,,,,,sometimes,never,,od 15 lat,"Chciałem uczyć się na studiach czeskiego, ale właśnie zamknęli kierunek. Rosyjski był moim drugim wyborem. Motywacja do nauki rosła wraz ze znajomością języka. Obecnie pracuję na uniwersytecie, więc - jako slawista/rusycysta - cały czas mam kontakt z językiem rosyjskim. Głównie jednak jest to kontakt bierny.",,,,,,,,,,,,,,,,
25,43,,male,1983-08-08,1983-08,ru,Łódź,51.764444,19.463055,,Łódź,51.764444,19.463055,post Master education,,,,,,I don't know,polish,,,,8,7,none,"Edukacja - 5 lat nauki w szkole podstawowej, kolejne 2,5 na studiach. Żaden z programów nauczania nie stosował systemu A1-C2.
Oceniam się na poziom C1.",9,9,True,angielski,English,8,6,bułgarski,Bulgarian,8,8,macedoński,Macedonian,5,7,BCMS,BCMS,5,6,ukraiński,Ukrainian,3,7,never,5,5,a few times per week,<9 hours/week,,,,,,,,,,,,,,,,often,never,,Około 30 lat,"Po prostu podobał mi się, chciałem się nauczyć obcego alfabetu - to w czasach wczesnej podstawówki. Potem przyswajalne go niejako automatycznie, z książek, internetu, rozmów z ludźmi. W tej chwili jest dla mnie narzędziem, które daje mi dostęp nie tylko do Rosji, ale też całego terytorium dawnego ZSRR, także w krajach, których języki narodowe znam jeszcze słabo, lub wcale.",,,,,,,,,,,,,,,,Chyba nie.
26,44,80100419,male,1999-04-15,1999-04,wym,"Sankt Petersburg, Rosja",,,FALSE,Warszawa,54.113036,17.332904,not finished Bachelor,False,"Sankt Petersburg, Rosja",NA,True,"Przyjeżdżałem do Wilamowic w goście, na badania terenowe oraz wydarzenia kulturalne. Z reguły na krótki okres - od kilku dni do tygodnia. Parokrotnie, wyjątkowo, na kilka tygodni. Nigdy nie mieszkałem w Wilamowicach przez dłuższy czas.",probably no,other,rosyjski,,,5,8,none,"Myślę, że posługuję się wilamowskim na poziomie B1. Potrafię wyrazić większość swoich myśli, ale często w sposób prymitywny, gdyż moje środki językowe (szczególnie leksykalne) są wciąż dość ograniczone, żeby zapewnić płynność wypowiedzi sięgam po zapożyczenia z polskiego, bo (prawie) każdy użytkownik tego języka mówi też po polsku. Mój język pisany jest lepszy od mówionego: mam więcej czasu, by zastanowić się nad tym, jak ująć jakąś myśl, mogę użyć też słownika. Ze słownikiem piszę nawet wiersze. Język mówiony rozumiem bardzo dobrze: czasem nie rozumiem jakiegoś słówka, ale z reguły domyślam się z kontekstu, o co chodzi. Z rozumieniem języka pisanego idzie mi gorzej, gdyż częściej używa się wyrazów rzadkich, nie spotykanych zbyt często w mowie potocznej.",9,9,True,angielski,English,7,8,czeski,Czech,6,8,niemiecki,German,3,4,śląski,Silesian,7,8,,,,,never,"Nie więcej, niż z 12. Z większością z parę razy na rok. Najczęściej z Tymkiem Królem - z reguły raz czy kilka razy na miesiąc.",12,rarely,>1 hour/week,never,never,never,unlikely,never,likely,never,never,never,maybe,never,never,never,likely,"Rozmawiam po wilamowsku tylko z tymi, którzy rozumią ten język. Czasem mogę coś powiedzieć, jeśli się mnie poprosi (bo np. ktoś go nigdy nie słyszał i jest ciekaw, jak brzmi). Zdarzało mi się używać wilamowskiego w kontaktach z osobami, z którymi nie chciałem rozmawiać, ale byłem przez nie zagadywany: po parze zdań z reguły rezygnują z prób dogadania się, bo nie rozumieją, co do nich mówię.",sometimes,never,strongly agree,Uczę się od 2017 roku. Rozmawiać w nim zacząłem od 2018.,Uważam go za piękny i bardzo ciekawy język - spodobał mi się i dlatego zacząłem się uczyć. Nie bez znaczenia tu było zainteresowanie wilamowską kulturą oraz historią Wilamowic.,4,3,they are neutral,they are neutral,no one,no one,"Dla większości z moich znajomych jest to nie więcej, niż ciekawostka. Potrafią powiedzieć, że w sumie to fajne, ale sami nie są zainteresowani tematem. Nie pamiętam jednak, by ktokolwiek był temu przeciwny.",sometimes,never,False,,constructively,agree,neutral,strongly agree,"To bardzo trudne, by nie zapomnieć języka, nie mieszkając w Wilamowicach, bo prawie wszyscy jego użytkownicy mieszkają tam i (przez wzgląd na ich wiek) nie posługują się internetem, toteż rozmowa z nimi możliwa jest głównie wyłącznie na żywo."
27,45,,male,1986-08-03,1986-08,ru,Siemiatycze,52.429723,22.865,,Siemiatycze,52.429723,22.865,finished Master,,,,,,definitely no,polish,,,,6,9,b1,"Pytanie nie jest dla mnie jasno sformułowane, więc nie wiem, czy do końca rozumiem. Uczyłem się rosyjskiego w liceum na lekcjach. Były to podstawy, które od tego czasu znacznie rozwinąłem poprzez kontakt poza szkołą.",9,9,True,ukraiński,Ukrainian,6,9,,,,,,,,,,,,,,,,,never,3,3,rarely,5-6 hours/week,,,,,,,,,,,,,,,,never,never,,ok 17 lat,"Motywacją było przede wszystkim bogactwo zasobów rosyjskojęzycznego internetu, nieporównywalnie większe zarówno dawniej, jak i dzisiaj, w stosunku do internetu polskojęzycznego. Wpływ miało również zamieszkiwane w wielokulturowym regionie Białostocczyzny, gdzie z językami wschodniosłowiańskimi, w tym z rosyjskim, człowiek może zetknąć się o wiele częściej niż w pozostałych częściach Polski. Przez to nie miałem żadnych uprzedzeń do rosyjskiego, tak częstych w Polsce, a wręcz przeciwnie – traktowałem go trochę jako jeden z elementów kultury miejsca zamieszkania i klucz, który pozwoli przybliżyć kulturę wschodniosłowiańską ogółem, jak i języki białoruski i ukraiński w szczególności.",,,,,,,,,,,,,,,,
28,46,,male,1986-11-15,1986-11,csb,Szczecin,53.431815,14.54676,FALSE,Berlin,,,post Master education,False,Warszawa,3+,True,"W Warszawie, w Korei Poludniowej i obecnie w Niemczech.",I don't know,kashubian,,,,8,9,none,Tak. Uczylem sie tego jezyka w domu i wsrod rodziny.,8,9,True,Niemiecki,German,7,9,Rosyjski,Russian,9,9,Białoruski,Belarusian,7,9,Angielski,English,8,8,Koreański,Korean,5,6,sometimes,5,5,once per week,>1 hour/week,always,likely,maybe,unlikely,very likely,maybe,unlikely,never,very unlikely,likely,never,maybe,maybe,likely,Mieszkajac w Berlinie trudno odpowiadac na te pytania natomiast w kregu rodzinnym albo na Kaszubach czy w mediach spol. posluguje sie kaszubskim,often,often,agree,Od 35 lat,Od dziecka a potem okazalo sie ze jest literatura i mozna czytac ksiazki po kaszubsku.,6,2,they like it,they like it,> one person,> one person,"Wiekszosc mowi a po co, to dialekt, po co ci to i tak nikt nie gada itd.",sometimes,never,False,,hurtfully,strongly agree,strongly agree,strongly agree,Nic
29,47,,male,1991-06-13,1991-06,de,Gdynia,54.349722,18.653611,,Kraków,50.061781,19.93737,post Master education,,,,,,I don't know,complicated,,"Językiem kontaktów rodzinnych z ojcem i dziadkiem (ojcem ojca), a także z dalszą rodziną ojca był kaszubski. Z babcią (matką ojca) rozmawiałem głównie po niemiecku. Z matką w domu tylko po polsku. W szkole posługiwałem się głównie polskim, zaś kaszubskim z kilkorgiem kolegów. Na podwórku posługiwałem się zarówno polskim jak i kaszubskim. Do ukończenia szkoły podstawowej mieszkałem w Gdyni, gdzie miałem regularny kontakt z kaszubszczyzną, co zresztą spotykało się z dezaprobatą matki, która dbała o to, bym mówił poprawnie po polsku.",,9,9,none,"Nie odbyłem żadnej formalnej edukacji w języku niemieckim. Znajomość niemieckiego wyniosłem w domu, a następnie kontynuowałem naukę tego języka już jako dorosły człowiek w ramach kursów na poziomie C1 i C2.",9,9,True,angielski,English,7,6,kaszubski,Kashubian,4,8,rosyjski,Russian,2,4,hiszpański,Spanish,2,3,,,,,often,1,1,a few times per week,6-7 hours/week,,,,,,,,,,,,,,,,very often,often,,"zasadniczo od urodzenia, a zatem ponad 30 lat","Znajomość niemieckiego do poziomu B2/C1 wyniosłem zasadniczo z domu. Uczęszczanie na kursy na wyższym poziomie to była moja świadoma decyzja, podyktowana zarówno historią rodzinną, ale też i perspektywami zawodowymi. Lubię język niemiecki, zarówno jego brzmienie jak i gramatykę. Posługiwanie się niemieckim sprawia mi przyjemność.",,,,,,,,,,,,,,,,
30,49,,other,2002-10-21,2002-10,csb,Gdańsk,54.349722,18.653611,TRUE,Gdańsk,54.349722,18.653611,not finished secondary school,True,Gdańsk,3+,False,,definitely yes,polish,,,,2,7,none,"nie mam żadnego i uważam, że nie umiem mówić po kaszubsku do tego stopnia, żeby jakiś mieć",9,9,True,angielski,English,8,8,niemiecki,German,3,2,,,,,,,,,,,,,sometimes,5,5,a few times per week,2-3 hours/week,likely,very likely,very unlikely,maybe,likely,very likely,very unlikely,very unlikely,very unlikely,likely,never,never,very unlikely,very likely,"większość mojej kaszubskiej rodziny nie pamięta już kaszubskiego lub go nigdy dobrze nie znała, ale ja mówiąc po kaszubsku ""wymuszam"" na nich odpowiadanie mi po kaszubsku i zachęcam do używania tego języka",very often,never,strongly agree,od września 2021,"jest to język mojej rodziny i moich przodków i uważam, że nie można o tym zapomnieć i dać mu umrzeć",7,6,they support it,they are neutral,no one,no one,"raczej jest to niezrozumienie i uznanie tego za niepotrzebne, niż bycie przeciwko nastawionym",always,sometimes,True,moja osobista bariera językowa,never,strongly agree,strongly agree,strongly agree,
31,50,,male,1991-01-21,1991-01,de,Kraków,50.061781,19.93737,,Gdańsk,54.349722,18.653611,finished Master,,,,,,I don't know,polish,,,,7,8,c1,Tak,9,9,True,Angielski,English,9,9,Hiszpański,Spanish,5,7,Francuski,French,2,2,,,,,,,,,never,3,3,rarely,1-2 hours/week,,,,,,,,,,,,,,,,never,sometimes,,"Zacząłem w szkole podstawowej, czyli ponad 25 lat, ale w ciągu tego czasu miałem przerwy i mniej i bardziej intensywne etapy nauki.","Rodzina mojego ojca przeprowadziła się do Niemiec i odwiedzałem ich jako dziecko. Później na studiach spędziłem rok w Niemczech na erazmusie. Po powrocie zaangażowałem się w organizację polsko-niemieckich wymian studenckich i zacząłem kurs na poziomie C1/C2, zakończony Certyfikatem wirtschaftsdeutsch. Główna motywacja to ogólne zainteresowanie językami obcymi, osobiste kontakty z Niemcami, nie wykorzystywałem go w pracy, poza pojedynczymi sytuacjami.",,,,,,,,,,,,,,,,
32,51,,female,2002-03-27,2002-03,de,Krosno,49.692126,21.766841,,Kraków,50.061781,19.93737,not finished Bachelor,,,,,,probably yes,polish,,,,5,6,a2,"Myślę, że tak.",9,9,True,Angielski,English,4,5,,,,,,,,,,,,,,,,,never,1,1,a few times per week,8-9 hours/week,,,,,,,,,,,,,,,,sometimes,sometimes,,3 lata,Podobał mi się.,,,,,,,,,,,,,,,,
33,53,,male,1999-06-30,1999-06,de,Kraków,50.061781,19.93737,,Kraków,50.061781,19.93737,not finished Bachelor,,,,,,I don't know,polish,,,,8,7,c1,"Na ten moment niestety nie, ponieważ poziom na studiach licencjackich jest zdecydowanie niższy od tego, jaki miałem w liceum, gdzie uczęszczałem na profil DSD. Gdyby poziom pozostał taki sam na pewno oddawałby moje rzeczywiste zdolności.",9,9,True,Angielski,English,6,5,,,,,,,,,,,,,,,,,sometimes,5,5,everyday,5-6 hours/week,,,,,,,,,,,,,,,,sometimes,never,,Od 1 klasy gimnazjum,"Chciałem zacząć się uczyć języka niemieckiego, ponieważ mam rodzinę w Niemczech. Ponadto język ten spodobał mi się, dlatego chciałem go dobrze opanować, ponieważ w dzisiejszych czasach oferty pracy dla osób z dobrą znajomością języków obcych są powszechne.",,,,,,,,,,,,,,,,
34,54,,female,2001-12-20,2001-12,de,Kraków,50.061781,19.93737,,Kraków,50.061781,19.93737,not finished Bachelor,,,,,,I don't know,polish,,,,6,7,b2,Tak,9,9,True,Język angielski,English,5,6,,,,,,,,,,,,,,,,,never,3,3,a few times per week,5-6 hours/week,,,,,,,,,,,,,,,,sometimes,never,,8 lat,"Rodzina w Niemczech
Przydatność tego języka w późniejszych działaniach zawodowych
Chęć posługiwania się biegle nie tylko językiem ojczystym",,,,,,,,,,,,,,,,
35,55,,female,2000-07-06,2000-07,ru,Białystok,54.390007,18.395937,,Poznań,52.407918,16.933467,not finished Bachelor,,,,,,definitely no,polish,,,,7,8,b2,"Tak, uważam, że oddaje moje rzeczywiste zdolności, ale to dzięki temu, że sama poświęcam dużo czasu na naukę.",9,9,True,Angielski,English,8,8,,,,,,,,,,,,,,,,,sometimes,6,6,everyday,<9 hours/week,,,,,,,,,,,,,,,,often,never,,4 lata,"Zaczęłam naukę w liceum i nie chciałam zaprzepaścić tego, co już się nauczyłam i podjęłam decyzję o kontynuowaniu uczenia się rosyjskiego.",,,,,,,,,,,,,,,,
36,56,,other,1999-08-17,1999-08,de,Kraków,50.061781,19.93737,,Kraków,50.061781,19.93737,not finished Bachelor,,,,,,probably yes,complicated,,"Polski, ale jako dziecko mieszkałem w niemczech, gdzie tylko w domu z rodzicsmi mowilem po polsku, z bratem po niemiecku, poza domem po niemiecku",,7,8,c1,B2/C1 - tak. Pracuje z jezykiem niemieckim,9,9,True,Angielski,English,6,8,Duński,Danish,3,3,,,,,,,,,,,,,never,Dużo -  w pracy,,a few times per week,<9 hours/week,,,,,,,,,,,,,,,,very often,never,,Od 3 roku życia - 19 lat,Wyjazd rodzinny do Niemiec,,,,,,,,,,,,,,,,
37,57,,female,2000-02-22,2000-02,ru,Lidzbark,54.125878,20.582927,,Poznań,52.407918,16.933467,not finished Bachelor,,,,,,probably no,polish,,,,6,7,c2,"Zdecydowanie nie. Na studiach uczymy się tworzyć dokumenty, w których niejednokrotnie wymagane jest zaawansowane słownictwo. Uważam, że ciężko jest się go nauczyć, podczas gdy niejednokrotnie, nie znamy jego znaczenia w języku polskim.",9,9,True,Angielski,English,6,8,,,,,,,,,,,,,,,,,never,50,50,everyday,8-9 hours/week,,,,,,,,,,,,,,,,very often,never,,3 lata,"Język rosyjski jest bardzo melodyczny i przyjemny dla ucha. Od zawsze mi się podobał i często zwracałam uwagę na treści w tym języku. Idąc na studia miałam również w głowie fakt, że wiele firm w Polsce pracowało ze Wschodem i była to szansa na zatrudnienie. Niestety przez sytuację na Ukrainie w tym momencie wszystko się zmieniło.",,,,,,,,,,,,,,,,
38,59,,male,1997-04-24,1997-04,ru,Garwolin,51.897505,21.615537,,Warszawa,54.113036,17.332904,not finished Master,,,,,,probably no,polish,,,,9,9,b2,"Nie, uważam, że jest on za niski, tj. w rzeczywistości posiadam wyższy poziom niż ten oferowany mi przez uniwersytet.",9,9,True,angielski,English,9,9,białoruski,Belarusian,9,9,włoski,Italian,7,7,norweski,Norwegian,6,6,ukraiński,Ukrainian,6,9,never,5,5,once per week,>1 hour/week,,,,,,,,,,,,,,,,sometimes,never,,"Aktywnie uczyłem się około roku, używam od czterech lat","Mieszkając w Gruzji był to najszybszy sposób, aby móc nawiązać jakąkolwiek interakcję z mieszkańcami okolicy, w której mieszkałem. Był to ""wstęp"" i chwilowy fundament nawiązywania relacji przed tym jak nauczyłbym się już gruzińskiego. + był istotny w podróżach do Azji Centralnej i Kaukazu.",,,,,,,,,,,,,,,,
39,60,,male,2000-07-14,2000-07,csb,Bytów,54.168889,17.489445,TRUE,Tuchomie i Gdańsk,54.113036,17.332904,not finished Bachelor,True,Tuchomie,3+,False,,definitely yes,polish,,,,7,8,none,Chodziłem na lekcje języka kaszubskiego przez 6 lat w szkole podstawowej oraz przez 4 lata w technikum. Na maturze z języka kaszubskiego w 2020 roku osiągnąłem wynik 70% a od roku 2021 studiuję etnofilologię kaszubską.,9,9,True,angielski,English,6,8,niemiecki,German,4,6,rosyjski,Russian,3,6,,,,,,,,,very often,15,15,everyday,7-8 hours/week,always,very likely,unlikely,unlikely,very likely,very likely,very unlikely,very unlikely,never,unlikely,very unlikely,never,maybe,likely,"Mieszkam w okolicy w której bardzo rzadko słychać kaszubski na ulicy. Niektórzy z moich sasiadów sporadycznie mówią po kaszubsku, jednak zazwyczaj ogranicza się to do jakiegoś krótkiego wtrącenia w polskojęzycznej wypowiedzi. W kontaktach z rodziną kaszubski był dla mnie pierwszym językiem gdy miałem kilka lat, z czasem został zupełnie wyparty przez polski. Później, w wieku 16 lat zacząłem częściej używać kaszubskiego wśród rodziny i w kontaktach z niektórymi krewnymi kaszubski jest dla mnie równie naturalny jak kaszubski. Rozmawiam po kaszubsku z przyjaciółmi którzy wyrażają na to chęć, jest to kilkanaście osób. Niektórzy z moich rówieśników stosują kaszubskie wtrącenia czy kaszubizmy podczas mówienia po polsku.",often,sometimes,strongly agree,"Zaczynałem mówić w języku kaszubskim,","do pyt wyżej :  więc początkowo używałem go aktywnie jednak szybko został on u mnie wyparty przez polski. W szkołach uczyłem się kaszubskiego łącznie przez 10 lat i obecnie jestem na pierwszym roku etnofilologii kaszubskiej, W wieku około 16 lat zacząłem coraz bardziej aktywnie używać kaszubskiego w kontaktach z krewnymi i obecnie aktywnie porozumiewam się po kaszubsku z kilkoma grupami ludzi.

***

Kierowała mną chęć zachowania i przekazania dalej przekazu ustnego mojej rodziny i kaszubskiej wspólnoty. Jeszcze ważniejsza była chęć porozumiewania się z krewnymi i innymi osobami w języku kaszubskim, szczególnie z tymi, dla których kaszubski jest pierwszym językiem. Wszystko to wynika w dużym stopniu z mojego przywiązania do tradycji.",6,6,they strongly support it,they strongly support it,no one,no one,,very often,sometimes,False,,hurtfully,strongly agree,strongly agree,strongly agree,"Poczucie wstydu towarzyszące mówieniu po kaszubsku czasami towarzyszyło mi w miejscach publicznych, z czasem zanikło i zdarzało mi się rozmawiać z kimś po kaszubsku z zamiarem ""pokazowym"", także poza kaszubskim obszarem etnicznym. W wieku kilku lat zostałem skrytykowany przez sąsiadkę niebędącą Kaszubką za mówienie po kaszubsku, a nie po polsku. Prawdopodobnie zakorzeniło to we mnie dodatkowe poczucie wstydu zwiazanego z posługiwaniem się tym językiem. Poczucie wstydu chyba najczęsciej towarzyszyło mi w momentach, gdy inna osoba kaszubskojęzyczna skrytykowała mnie za używanie kaszubskiego niepoprawnie, mówiąc, że lepiej mówić po polsku jak mi ciężko. Byłem także krytykowany za używanie neologizmów bądź słów które nie były znane w kaszubszczyźnie mojej rodziny, Zdarzało mi się też, że rozmawiałem po kaszubsku z osobami starszymi, które znały język kaszubski, a jednak odpowiadały mi po polsku, a czasami miałem wrażenie, że moja chęć rozmowy po kaszubsku zniechęca ich do konwersacji."
40,61,,male,2002-09-20,2002-09,csb,Wejrowò,54.601667,18.238333,TRUE,Kãpino (môła wies kòl Wejrowa),54.630949,18.256655,not finished Bachelor,True,Jô sã wëchòwôł w Wejrowié.,3+,False,,definitely yes,polish,,,,7,7,a1,"Drãgò mie òdpòwiédzëc na to pëtanié, bò fòrmôlnô ùczba rôdny mòwë derëje kòl mie jesz za baro krótkò, abë to na gwës scwierdzyc. Colemało dzãkã zajmom na ùczbòwni mòja znajomòta kaszëbiznë je corô lepszô, a wiadła z nich baro mie pòmôgają w codniowi kòmùnikacjë.",9,9,True,anielsczi jãzëk,English,6,5,miemiecczi jãzëk,German,5,4,,,,,,,,,,,,,never,"Regùlarno jô gôdóm w rôdny mòwié z trzema-szterëma òsobama. Le czasã są sztërczi, gdzë ùdaje sã pògadac z wiãkszą wieloscą òsób, np. na pôłniém pò pògrzébié cotczi mòji starczi w Òsłòninié.",4,everyday,<9 hours/week,very unlikely,very unlikely,maybe,very likely,likely,very likely,unlikely,very likely,likely,always,very likely,likely,very likely,very likely,"W mòji nôblëższi rodzëznié ni mô za wiele òsób, chternë rozmieją gadac pò kaszëbsku. Mòja lubòtnô sostra, Matilda, znô kąsk rôdną mòwã ze szkòłë i czasã zdarziło sã nama pògadac w ny. W spòlëznowich mediach jô starôm sã pisac pò kaszëbsku i pò pòlsku, abë rozkòscérzac kaszëbiznã téż westrzód Pòlochów. Snije mie so, abë mòja białka (żlë Bóg mie ną òbdarzi) téż znała kaszëbsczi i abë naji dzécë rozmiałë w nim gadac i jak nôbarżi jô bëm chcôł, abë w naji chëczë kaszëbizna panôwała. Co do jinszich placów, czejbë to zanôlegało òde mie, kaszëbsczégò (i leno jegò) jô bëm ùżiwôł wiedno i wszãdzë, gdzë sã dô. Jô wiém, że na terô mòże bëc jiwer, le jô nimò tegò móm plan, abë wszãdzë zaczinac òd kaszëbsczégò, przechadając na pòlsczi dopiérze tedë, jak rozmówca dô mie wërazno do zrozmieniégò, że naji ùledóny rôdny mòwë nie rozmieje.",sometimes,never,strongly agree,Jô sã ùczã rôdny mòwë òd dwóch lat z gòrką.,"Do czasu rozpòczãcégò ùczbë w Salezjansczim Liceum w Rëmi mòja znajomòtã rôdny mòwë ògreńczała sã do ""jo"", ""chcemë le so zarzëc"" i pôrù jinszich słowków. To sã zmieniłó, czej jô pòznôł Klebbów Matisa- kaszëbsczégò dzéjôrza i pisôrza, chterën chòdzył do klasë wëżi. Më òstalë drëchama. Jednégò dnia Matis dôł mie do przeczetaniégò pòlsczi przekłôd ""Żëcégò i przigòdów Remùsa"" Aleksandra Majkowsczégò- ksążczi wôrtni dla naju, Kaszëbów, tak baro, jak dlô Pòlochów ""Pón Tadéusz"". To bëł zwrotni pùńkt w mòjim żëcym. Òbczas lekturë jô pòczëł wiôlgą bùchã z tegò, że jô jem Kaszëbą, że ta swiãtô zemiô, bôkadna w mòdré, majestatné, Wiôldżé Mòrzé, czësté spidżélë jezorów, zelóné lasë, snôżé pòla i òglowo wszëtkò, co je nôpiãkniszé, je mòjã zemią, bùchã z naji historië, z najich ksążąt, ze wszëstczégò, co je kaszëbsczi. Tegò dnia jô sã przebùdzëł zez spiku i pòstanowił mòckò òbjimnąc lubòtną królewiónkã, chtërni na mióno je Kaszëbizna. Nimò że Strach, Trud i Niewarto, te trzë ùpiorë robiłë, co mògłë, abë mie òdcygnąc, jô z ti stegnë nie zlôzł i nie chcã zejc nigdë. Pòtim pòszło ju z gòrczi: ùczbã spòdlégò kaszëbsczégò jãzëka pòd òkã Matisa, kaszëbskò matura i sztudérowanié kaszëbsczi etnofilologië, gdzë jô pòznówóm pòsobne krejamnotë naji rôdny mòwë. Te sztërczi intimni blëskòscë z kaszëbizną dają mie wiele rëdotë, òsoblewié, że kaszëbizna òtemkłô mie drzwierzé do pòznania nowégò swiata, snôżégò "" jak kwiat rozkwitłi w maju"", jak to napisôł w najim himnie Jón Trepczik. Jô téż pòznôł dzãka tému wiele bëlnych lëdzy.",6,6,they support it,they support it,one person,> one person,"Mòja rodzëzna òglowo je rôd, że jô dzëjóm dlô rôdny mòwë. Równak jedna cotka chcôła mie z zôczątku zniechãcëc do sztudérowaniégò kaszëbsczi etnofilologië, ""bò to Cë sã nie przëdô, òstaw to so jakno pasjã, w swòjim sercu"". Òni z wùjã òglowo zdajã sã bëc procëm jaczékòlwiék apartnoscë Kaszëb, dlôtë jak jô jima gadał ò aùtonomië Kaszëb, federalizacjë Pòlsczi, czë zrównianiù kaszëbsczégò z pòlsczim, òni mie zaatakowalë jakno ""separatistã"" i ""òsobã dzëjającą dlô profitù Miemiecczi"", a mòje ùdbë jakno ""dzélowé rozbicé"".  Jesz gòrszé stosënk do kaszëbiznë mają òsobë z òglowopòlsczich diskusjowich karnów, na chtërnych jô jem. Tam nawetka pòdczórchniwanié, że kaszëbsczi je jãzëkã, nie ""gwarą"", ni ""dialechtã"" bëło ""separatizmã"". Zdarziło sã téż wiele razë, że chtos mie pòzwôł ""Miemcã"", a słowa w ôrcë ""Tu jest Polska, więc mów po polsku"", abë ""Jak ci się nie podoba, jedź sobie do Niemiec"" jô czëł wiele razë. To bòli, le jô mùszã jic dali z kaszëbizną. Doch je téż wielu Pòlochów, chtërnym sã widzy naja kùltura.",always,never,True,"Czasã, chòc na szczãscé rzadkò, zdarzô sã, że jô bëm chcôł na przemiór w krómie gadac pò kaszëbskù, le jô móm òbawã, że sã na mie lechò spòzdrzą. Zôs jak jô pòtikóm ""bëlnégò Kaszëbã"" (taczégò, co zna kaszëbsczi òd dzécka), jô móm òbawã, że jô zrobiã jakąs felã i òn mdze sã ze mie wëszczerzac. Na cawné szczãscé jô staram sã to przełamiwac i nawetka to sã ùdôwô.",constructively,strongly agree,strongly agree,strongly agree,"Wiôldzé Bóg zapłac za mòżnotã wzãcégò ùdzélu w tim badérowaniu. Niech Bóg błogòsławi wama, wajim rodzëznom i wszëstczim blësczim sercom wajim pò tësączné pòkòlenié. Niech żeją katolëcczé, aùtonomiczné Kaszëbë w mòcni, dostôtni i katolëcczi Pòlscë! :)"
41,64,,female,1987-08-03,1987-08,csb,Bytów,54.168889,17.489445,FALSE,Jezierze,54.25458,17.191452,post Master education,True,Jezierze,3+,False,,definitely yes,polish,,,,5,7,b1,Poziom mojej formalnej edukacji odpowiada moim rzeczywistym zdolnościom w tym momencie.,9,9,True,niemiecki,German,5,5,francuski,French,3,4,,,,,,,,,,,,,often,3,3,everyday,3-4 hours/week,likely,very likely,very likely,very likely,very likely,likely,maybe,likely,unlikely,unlikely,very unlikely,very unlikely,very unlikely,likely,,sometimes,never,strongly agree,5 lat,Chęć zdobycia nowego doświadczenia zawodowego w tej dziedzinie.,7,7,they like it,they support it,no one,> one person,,always,never,False,,constructively,strongly agree,strongly agree,strongly agree,
42,65,,male,1994-10-03,1994-10,csb,Starogard Gdański,53.968056,18.530833,TRUE,Pinczyn,53.962952,18.345844,finished Master,False,Pinczyn,NA,True,"Mieszkam na Kociewiu, interesuje się językiem kulturą kaszubską",I don't know,polish,,,,3,6,none,"Nie dotyczy, jestem samoukiem, najlepiej język kaszubski rozumiem w formie pisanej ponieważ uczyłem się z internetu i czasopism a ze zrozumiem mówionego języka mam problemy mimo że znam poprawną wymowę",9,9,True,Angielski,English,7,8,Rosyjski,Russian,4,6,Niemiecki,German,3,5,Japoński,Japanese,3,4,,,,,never,0,0,rarely,2-3 hours/week,never,never,never,maybe,never,maybe,never,maybe,very unlikely,maybe,maybe,very unlikely,unlikely,very likely,Nie mieszkam w otoczeniu gdzie język kaszubski jest używany wiec styczność z nim mam głównie w internecie,sometimes,never,strongly agree,Od 5 miesiecy,"Czułem że jako rodowity mieszkaniec Pomorza powinienem znać ten język aby w pełni móc utożsamiać się jako mieszkaniec tych ziem mimo że nie mieszkam na Kaszubach, oraz dlatego że imponowało mi to jak bardzo rozwinięta jest standaryzacja tego tego języka, że posiada swoją własną ortografie oraz wydawane są w tym języku czasopisma i książki co bardzo ułatwiało kontakt i ćwiczenie tego języka, bo właśnie kontakt z czasopismem kaszubskim był dla mnie impulsem",7,6,they are neutral,they are neutral,one person,no one,"Kociewiacy jako najbliżsi sąsiedzi Kaszubów maja sporo żartów i uprzedzeń do Kaszubów, dlatego wole się nie afiszować ze swoim zaangażowaniem w kulturę i język kaszubski",often,never,False,,constructively,neutral,neutral,strongly disagree,Fascynuje mnie podział który zauważam wśród działaczy kaszubskich gdzie starsze pokolenie nieustannie podkreślają należność Kaszub do państwa polskiego i promują inkluzywność a najmłodszym pokoleniem gdzie ci aktywni działacze często mają postawy czysto nacjonalistyczne a czasem nawet separatystyczne i obie te grupy nie szczędzą sobie wzajemnej krytyki
43,66,,female,1985-11-14,1985-11,csb,Gdańsk,54.349722,18.653611,TRUE,Gdańsk,54.349722,18.653611,post Master education,True,Gdańsk,3+,False,,definitely yes,polish,,,,5,9,c1,"Bardzo dobrze piszę po kaszubsku, czytam bez zarzutu, ale nie czuję się pewna w spontanicznym mówieniu (a tego chyba dotyczy badanie :)).",9,9,True,angielski,English,5,7,niemiecki,German,2,3,hiszpański,Spanish,2,3,rosyjski,Russian,2,4,,,,,sometimes,"Prawie codziennie piszę. Mówię, gdy muszę - względy zawodowe. Z różnymi osobami, ale w domu tylko z chłopã (jak so wëpijemë ;) ).",101,a few times per week,<9 hours/week,never,never,never,very likely,likely,likely,maybe,very likely,unlikely,very likely,maybe,unlikely,maybe,very likely,"Ja tu jestem najwyraźniej o pokolenie starsza od waszego modelowego użytkownika; moi dziadkowie nie żyją, a rodzice są w wieku modelowych dziadków, ale kaszubski nie jest dla nich wartością (pokolenie, któremu wtłaczano do głowy, że kaszubski jest czymś obciachowym). Mój 11-letni syn uczy się kaszubskiego w szkole i czasem, głównie w ramach ćwiczeń, mówię do niego po kaszubsku.",sometimes,never,agree,"Aktywnie uczę się trzeci rok, choć w 2005 r. brałam udział w lektoracie KS Pomeranii.","Jestem językoznawcą polonistką o kaszubskim pochodzeniu i czułam się moralnie zobligowana, żeby nauczyć się kaszubskiego. Jak językoznawca z Pomorza (rdzenna Pomorzanka) może nie znać języka kaszubskiego?!",6,5,they are neutral,they are neutral,no one,no one,"Do poprzedniego ekranu: ja mam prawie 40 lat i od kilkunastu nie mieszkam z rodzicami, więc pytanie mnie o ich nastawienie do moich zainteresowań kaszubskim nie ma większego sensu. Nie jestem nawet pewna, czy moi rodzice w ogóle wiedzą, że studiuję etnofilologię ;) Mogę natomiast powiedzieć, że w 2005 r. fakt, że poszłam na lektorat kaszubskiego, przyjęli z uśmiechem politowania (nie byli przeciwni ani nie byli wspierający).",sometimes,never,False,,constructively,agree,agree,agree,"Przy niektórych pytaniach zabrakło okienka na uwagi. Mam wrażenie, że ten kwestionariusz był kierowany do ludzi ze 20 lat ode mnie młodszych - bez możliwości zapisywania na bieżąco stosownych komentarzy niektóre moje odpowiedzi nie oddają rzeczywistości."
44,67,,female,2000-04-01,2000-04,csb,Szubin,53.007478,17.73349,TRUE,Gdańsk,54.349722,18.653611,not finished Bachelor,False,W Szubinie,0,True,"Do 20 roku życia wychowywałam się poza Kaszubami, dopiero później przeprowadziłam się do Gdańska.",probably yes,polish,,,,8,9,b2,"Myślę, że tak, ponieważ studiuję etnofilologię kaszubską od 2 lat.",9,9,True,angielski,English,6,7,,,,,,,,,,,,,,,,,never,19,19,everyday,<9 hours/week,never,never,never,very likely,never,very likely,very unlikely,maybe,unlikely,maybe,never,never,very unlikely,maybe,,often,never,strongly agree,od 2 lat,"Z przypadku, ale jest dobrze.",5,5,they are neutral,they are neutral,> one person,no one,Ludzie spoza Kaszub nie rozumieją moich chęci nauki tego języka.,very often,never,False,,constructively,strongly agree,strongly agree,strongly agree,
45,68,,female,2001-07-27,2001-07,csb,Wejherowo,54.601667,18.238333,TRUE,Łebieńska Huta,54.434608,18.172384,not finished Bachelor,True,Łebieńska Huta,3+,False,,definitely yes,complicated,,"Polski i kaszubski były dla mnie równocześnie używany. Polski używałam w szkole i z rówieśnikami, a kaszubski w domu.",,9,9,c1,"Uczyłam się w szkole, pisałam maturę, studiuję etnofilologię kaszubską- jest dobrze.",9,9,True,angielski,English,4,5,,,,,,,,,,,,,,,,,very often,45,45,everyday,<9 hours/week,never,always,always,maybe,very likely,very likely,very likely,never,never,maybe,unlikely,very unlikely,likely,likely,Moi dziadkowie nie żyją.,often,never,strongly agree,od 7 roku życia,Poszłam na kaszubski bo wycieczki były za darmo.,7,6,they strongly support it,they like it,no one,no one,,always,never,False,,constructively,strongly agree,agree,strongly agree,
46,70,,female,1999-07-29,1999-07,csb,Niedamowo,54.0625,18.093611,TRUE,Niedamowo,54.0625,18.093611,not finished Master,True,Niedamowo,3+,False,,definitely yes,polish,,,,9,9,c2,"Zdecydowanie odpowiada, na każdym etapie edukacji uczono mnie wiedzy o Kaszubach, gramatyki, pisania i mówienia.",9,9,True,angielski,English,5,5,,,,,,,,,,,,,,,,,never,ponad 100,101,a few times per week,<9 hours/week,never,maybe,unlikely,very likely,likely,very likely,unlikely,likely,unlikely,very likely,very unlikely,very unlikely,unlikely,very likely,,very often,often,strongly agree,od 10 lat,"Chciałam dowiedzieć się o rejonie i języku Kaszub, gdzie mieszkam.",7,7,they strongly support it,they strongly support it,no one,no one,"Przyjaciele są bardzo zafascynowani, kiedy opowiadam im o kaszubskich i z chęcią o tym słuchają.",always,never,False,,never,agree,agree,strongly agree,
47,71,,male,1998-10-03,1998-10,csb,Kościerzyna,54.121111,17.9775,TRUE,Nowy Klincz,54.121354,18.033403,not finished Bachelor,True,Nowy Klincz,3+,False,,definitely yes,polish,,,,5,7,c1,"Czuję prawie adekwatnie. Piszę słabo, mówię dobrze.",9,9,False,,,,,,,,,,,,,,,,,,,,,sometimes,15,15,a few times per week,2-3 hours/week,maybe,very unlikely,unlikely,likely,very unlikely,maybe,never,unlikely,very unlikely,very likely,likely,never,never,maybe,,very often,never,strongly agree,3 lata,"Chęć używania języka, praca w szkole.",7,8,they are neutral,they like it,no one,no one,,sometimes,sometimes,True,-,never,agree,strongly agree,strongly agree,
48,72,,male,2000-02-25,2000-02,csb,Gdańsk,54.349722,18.653611,TRUE,Pruszcz Gdański,54.262386,18.636819,not finished Bachelor,False,Pruszcz Gdański,NA,True,Wychowałem się na żuławach,definitely yes,polish,,,,9,9,c1,"Uważam, że tak. Etnofilologia kaszubska to kierunek, na którym wielką wagę przywiązuje się do nauki języka kaszubskiego. Między innymi dlatego, że wykłady odbywają się w kameralnych grupach. Obecnie na moim roku jest 6 osób.",9,9,True,Angielski,English,7,6,Niemiecki,German,6,5,,,,,,,,,,,,,never,50,50,a few times per week,<9 hours/week,never,never,very unlikely,maybe,never,likely,unlikely,very likely,likely,very unlikely,likely,never,likely,very likely,,very often,very often,strongly agree,Półtora roku,Ciekawość tego (na skalę polską i polskie prawo) fenomenu. Fascynacja.,9,8,they like it,they are neutral,> one person,> one person,"Często spotykam się z niezrozumieniem. Często pojawiają się się pytania, po co to robię. Wielu znajomych postrzega kaszubskość jako tylko i wyłącznie folklor i wieś, co w mojej opinii jest krzywdzącym stereotypem.",always,never,False,,constructively,strongly agree,neutral,strongly agree,
49,75,,female,2005-01-17,2005-01,csb,Kartuzy,54.333611,18.202778,TRUE,Gowidlino,54.325392,17.793033,not finished secondary school,True,Gowidlino,3+,False,,probably yes,polish,,,,4,9,none,.,9,9,True,Angielski,English,3,4,,,,,,,,,,,,,,,,,sometimes,2,2,rarely,2-3 hours/week,likely,unlikely,maybe,unlikely,unlikely,unlikely,maybe,unlikely,very unlikely,maybe,maybe,very unlikely,maybe,very unlikely,,sometimes,never,agree,"9 lat-nauka, używanie-od urodzenia","Podoba mi się to, że nie sam język kaszubski jest bogaty, ale również historia, literatura i kultura  Kaszub jest bardzo interesująca. Kaszubskie koła oraz instytucje często organizują również warte uwagi konkursy, festyny spotkania itp.",4,7,they strongly support it,they strongly support it,one person,one person,,often,never,False,,never,agree,neutral,agree,.
50,76,,female,2002-02-05,2002-02,csb,Kartuzy,54.333611,18.202778,TRUE,Nowa Wieś Przywidzka,54.232775,18.269633,not finished secondary school,True,Nowa Wieś Przywidzka,3+,False,,probably yes,polish,,,,5,8,none,Tak,9,9,True,Angielski,English,5,5,Hiszpański,Spanish,4,4,Niemiecki,German,3,3,,,,,,,,,sometimes,3,3,once per week,>1 hour/week,very likely,maybe,unlikely,maybe,maybe,unlikely,unlikely,unlikely,very unlikely,maybe,maybe,unlikely,unlikely,unlikely,,sometimes,never,agree,Od 1 klasy szkoły podstawowej,"W szkole podstawowej na kaszubski chodziły wszystkie dzieci. W szkole ponadpodstawowej kontynuuje naukę, ponieważ chcę się uczyć i interesuje mnie ten język.",5,5,they like it,they like it,no one,no one,,sometimes,never,False,,never,neutral,neutral,agree,
51,77,,female,2005-04-16,2005-04,csb,Gdańsk,54.349722,18.653611,TRUE,Kartuzy,54.333611,18.202778,finished middleschool,True,Kartuzy,NA,False,,I don't know,polish,,,,4,6,b2,Tak,9,9,True,Angielski,English,6,6,,,,,,,,,,,,,,,,,sometimes,4,4,a few times per week,>1 hour/week,likely,never,unlikely,never,very unlikely,never,very unlikely,never,never,never,never,never,never,never,Nie,sometimes,never,agree,3,Rodzina,5,5,they are neutral,they are neutral,no one,one person,Nie,sometimes,sometimes,True,Nie,never,neutral,disagree,agree,Nie
52,80,,male,2004-07-11,2004-07,csb,Łyśniewo Sierakowickie,54.349167,17.811667,TRUE,Łyśniewo Sierakowickie,54.349167,17.811667,not finished secondary school,True,Łyśniewo Sierakowickie,3+,False,,probably no,polish,,,,4,5,none,Nie miałem właściwej klasyfikacji swojej znajomości więc nie mogę się wypowiedzieć,8,9,True,Angielski,English,8,9,,,,,,,,,,,,,,,,,never,3,3,once per week,1-2 hours/week,likely,never,never,never,maybe,never,unlikely,never,never,never,very unlikely,never,never,never,,never,never,agree,Uczę się od ok. 7 lat jednak nie używam go aktywnie,Ciekawość i chęć do kontynowania języka używanego przez moich przodków,2,3,they are neutral,they are neutral,no one,no one,,sometimes,never,False,,constructively,neutral,neutral,agree,
53,81,,male,2000-01-01,2000-01,csb,Londyn,,,TRUE,Mirachowo,54.394265,18.0271,not finished secondary school,True,Przyrowie,3+,False,,definitely yes,complicated,,"Kaszubski, angielski, hiszpański, polski",,5,7,none,.,9,9,True,Angielski,English,9,9,Hiszpański,Spanish,5,7,,,,,,,,,,,,,often,10,10,everyday,>1 hour/week,never,likely,likely,never,very likely,maybe,likely,unlikely,never,maybe,never,never,maybe,very unlikely,,sometimes,never,strongly agree,8 lat,Ciekawość,5,3,they strongly support it,they strongly support it,no one,no one,,very often,sometimes,False,,never,neutral,disagree,agree,
54,83,,female,2000-01-01,2000-01,csb,Kielce,54.333611,18.202778,FALSE,Kielce,50.871737,20.631493,finished secondary school,True,Kielce,3+,False,,definitely yes,polish,,,,4,7,a2,Moje umiejętności są wyższe niż poziom edukacji,9,9,True,Angielski,English,5,5,Niemiecki,,3,3,Francusku,French,6,6,Włoski,Italian,7,7,Hiszpański,Spanish,5,5,always,3,3,everyday,1-2 hours/week,never,likely,maybe,very likely,maybe,very likely,never,maybe,unlikely,likely,likely,maybe,maybe,never,,never,never,strongly agree,18 lat,Chęć podtrzymania tradycji,5,5,they are neutral,they are neutral,no one,no one,,sometimes,never,False,,never,strongly agree,strongly agree,strongly agree,
55,84,,male,2005-03-16,2005-03,csb,Gdańsk,54.349722,18.653611,TRUE,Przyjaźń,54.306062,18.393327,finished middleschool,True,Przyjaźń,3+,False,,definitely yes,polish,,,,4,8,b1,Tak,9,9,False,,,,,,,,,,,,,,,,,,,,,sometimes,5,5,a few times per week,1-2 hours/week,maybe,maybe,maybe,maybe,maybe,maybe,maybe,maybe,maybe,likely,likely,very unlikely,maybe,maybe,,sometimes,never,agree,5 lat,Szkoła,5,5,they are neutral,they are neutral,one person,no one,,often,sometimes,False,,constructively,strongly agree,agree,strongly agree,
56,86,,female,2002-05-09,2002-05,csb,Gdańsk,54.349722,18.653611,TRUE,Kartuzy,54.333611,18.202778,not finished secondary school,True,Miechucino,3+,False,,definitely yes,polish,,,,9,9,c2,"Mysle ze tak, rozwijam się",9,9,True,Hiszpański,Spanish,6,7,Rosyjski,Russian,2,3,Łaciński,Latin,1,4,,,,,,,,,always,20,20,most of the time,1-2 hours/week,always,always,always,maybe,likely,likely,very likely,likely,very unlikely,very likely,unlikely,very unlikely,very unlikely,very unlikely,,sometimes,never,agree,Całe życie,Chęć nauczenia się języka regionalngeo używanego przez znajomych i rodzinę,7,7,they support it,they support it,no one,no one,,always,never,False,,never,agree,neutral,strongly agree,
57,87,,female,2004-04-20,2004-04,csb,Kartuzy,54.333611,18.202778,TRUE,Kartuzy,54.333611,18.202778,not finished secondary school,True,Kolonia,3+,False,,definitely yes,polish,,,,9,9,c1,Tak,9,9,True,Angielski,English,4,7,Niemiecki,German,4,7,Francuski,French,2,4,,,,,,,,,very often,20,20,a few times per week,>1 hour/week,always,very likely,very likely,maybe,very likely,very unlikely,very likely,never,never,unlikely,maybe,never,never,never,,never,never,strongly agree,18,"Rodzina, znajomi, chęć podtrzymania tradycji",6,8,they like it,they like it,no one,no one,,very often,sometimes,False,,constructively,strongly agree,strongly disagree,strongly agree,
58,88,,female,2004-04-21,2004-04,csb,Kartuzy,54.333611,18.202778,TRUE,Staniszewo,54.395563,18.07794,not finished secondary school,True,Staniszewo,3+,False,,probably yes,polish,,,,4,7,a2,"Wydaje mi się, że moje zdolności są adekwatne to poziomu edukacji.",9,9,True,Angielski,English,5,7,Francuski,French,4,3,Niemiecki,German,2,3,,,,,,,,,often,2,2,rarely,>1 hour/week,maybe,very unlikely,never,very unlikely,likely,very unlikely,never,never,never,never,unlikely,never,never,never,,never,never,strongly agree,8 lat,Większość osób z rodziny uczyło się języka kaszubskiego. Z ciekawości też zdecydowałam się zapisać na zajęcia.,5,5,they are neutral,they are neutral,no one,no one,,sometimes,never,False,,never,strongly agree,neutral,agree,
59,89,,male,1990-08-28,1990-08,csb,Kartuzy,54.333611,18.202778,TRUE,Kartuzy,54.333611,18.202778,not finished secondary school,True,Kartuzy,3+,False,,definitely yes,kashubian,,,,6,6,b1,Tak,8,8,True,Rosyjski,Russian,4,4,Angielski,English,7,9,Niemiecki,German,4,4,,,,,,,,,always,--,,everyday,2-3 hours/week,likely,likely,never,maybe,maybe,likely,unlikely,unlikely,very unlikely,very likely,likely,unlikely,maybe,maybe,,sometimes,never,neutral,9,Mama,7,7,they support it,they support it,one person,> one person,,very often,never,True,Wydaje się to dla niektórych dziwne,constructively,agree,agree,strongly agree,
60,92,,male,2000-05-05,2000-05,csb,przodkowo,54.379921,18.291736,TRUE,przodkowo,54.379921,18.291736,not finished secondary school,True,przodkowo,NA,False,,probably yes,polish,,,,3,6,none,nie bo jej nie posiadam,9,9,True,angielski,English,9,9,francuski,French,3,3,,,,,,,,,,,,,sometimes,1,1,a few times per week,>1 hour/week,maybe,likely,very unlikely,very unlikely,maybe,never,never,never,never,maybe,maybe,maybe,maybe,maybe,,never,never,strongly agree,nie wiem,aby ojcu było miło,3,4,they are neutral,they are neutral,no one,no one,,never,never,False,,constructively,neutral,neutral,agree,
61,96,,female,1982-10-14,1982-10,ru,Gdańsk,54.349722,18.653611,,Warszawa,54.113036,17.332904,finished Master,,,,,,definitely no,polish,,,,3,3,none,Nie ukończyłam nauki na poziomie formalnym,9,9,True,Angielski,English,9,9,Włoski,Italian,2,2,,,,,,,,,,,,,never,2,2,rarely,>1 hour/week,,,,,,,,,,,,,,,,sometimes,sometimes,,2 lata,Dla własnej satysfakcji,,,,,,,,,,,,,,,,"Nie, dziękuję"
62,97,,female,1983-12-20,1983-12,ru,Gostynin,52.429113,19.461928,,Warszawa,54.113036,17.332904,post Master education,,,,,,definitely no,polish,,,,7,9,c2,Poziom formalnej edukacji w tym momencie oddaje moje rzeczywiste zdolności. Jest to jednak zasługa codziennego posługiwania się językiem rosyjskim na potrzeby pracy zawodowej. Po ukończeniu studiów magisterskich moje umiejętności praktyczne były zdecydowanie niższe niż formalne.,9,9,True,Angielski,English,8,9,,,,,,,,,,,,,,,,,never,3,3,a few times per week,1-2 hours/week,,,,,,,,,,,,,,,,sometimes,never,,15 lat,"Chęć nauki kolejnego języka obcego, zapotrzebowanie na pracowników posługujących się rosyjskim (w latach 2010).",,,,,,,,,,,,,,,,
63,99,,female,1985-01-31,1985-01,de,Piła,53.147559,16.739538,,Wrocław,51.10998,17.031977,post Master education,,,,,,probably no,polish,,,,7,8,c1,Od 5 lat już nie posługuje się językiem niemieckim.,9,9,True,Angielski,English,8,8,,,,,,,,,,,,,,,,,never,1,1,rarely,>1 hour/week,,,,,,,,,,,,,,,,sometimes,sometimes,,"Uczyłam się prze ok 10 lat,","Lubiłam niemiecki, chciałam studiowac w Niemczech",,,,,,,,,,,,,,,,
64,100,70112622,male,1993-07-04,1993-07,wym,Wilamowice,49.916321,19.152736,TRUE,Wilamowice,49.916321,19.152736,post Master education,True,Wilamowice,2,True,"Od urodzenia do studiów wyłącznie Wilamowice, później mieszkałem w Krakowie, Warszawie i Wiedniu, ale cały czas utrzymuję kontakty z Wilamowicami.",probably yes,wymysorys,,,,9,9,none,"Jestem native speakerem, nigdy się nie uczyłem, tylko uczyłem kogoś.",7,7,True,śląski,Silesian,7,7,niemiecki,German,8,8,czeski,Czech,6,6,angielski,English,6,6,niderlandzki,Dutch,4,5,often,10,10,a few times per week,<9 hours/week,very likely,unlikely,unlikely,likely,likely,very likely,very likely,very likely,maybe,likely,maybe,very unlikely,maybe,very likely,,always,very often,strongly agree,od urodzenia,"1. Po wilamowsku łatwiej mi się mówi
2. Nie lubię języka polskiego i wielu rzeczy, które składają się na polskość
3. Język wilamowski jest dla mnie ważną częścią mojej tożsamości",9,9,they don't like it,they don't like it,> one person,> one person,"Ich postawy można podzielić na 3 rodzaje
1. Zajmij się czymś innym, to da ci więcej pieniędzy
2. Masz rację w tym co robisz, ale Polacy mogą Cię skrzywdzić, bo są nacjonalistami.
3. Jesteś zdrajcą narodu polskiego.",very often,never,False,,never,strongly agree,agree,strongly agree,"Najwięcej przykrości spotyka mnie z powodu skrzyżowania polskiego nacjonalizmu, również zinternalizowanej Wilamowianofobii jak i homofobii."
65,101,,female,1997-10-31,1997-10,ru,Wałcz,53.273004,16.467365,,Kraków,50.061781,19.93737,finished Master,,,,,,probably yes,polish,,,,4,6,b2,"Nie do końca, była to nauka na dwuletnich studiach magisterskich, przy częstotliwości zajęć 1,5 h w tygodniu. Ciężko w ten sposób dojść do mocnego poziomu b2.",8,9,True,Angielski,English,6,7,Francuski,French,2,2,Włoski,Italian,2,4,,,,,,,,,never,5,5,rarely,3-4 hours/week,,,,,,,,,,,,,,,,sometimes,never,,3,"To była w sumie spontaniczna decyzja. Miałam znajomych, którzy uczyli się tego języka, znałam wiele osób rosyjskojęzycznych, znajomość tego rosyjskiego wydawała mi się przydatna i dająca różne możliwości, jeśli chodzi o perspektywy przyszłej pracy. Dodatkowo pisałam pracę licencjacką o obszarze, na którym rosyjski jest używany - język pomógł mi w szukaniu materiałów. Podjęłam więc kolejne studia związane z nauką tego języka.",,,,,,,,,,,,,,,,
66,102,,male,1997-07-21,1997-07,ru,Kraków,50.061781,19.93737,,Kraków,50.061781,19.93737,finished Master,,,,,,probably yes,polish,,,,5,8,b2,"Nie do końca, bowiem materiał opierał się głównie o część gramatyczną, ale jednocześnie przy użyciu materiałów z obszaru nauki czy mediów, była to więc specyficzna nauka, gdzie nie uczono o tym jak zarezerwować pokój w hotelu, ale można było dyskutować o obecnej sytuacji w Czeczenii",8,9,True,Angielski,English,6,7,Niemiecki,German,2,2,Kazachski,Kazakh,2,2,,,,,,,,,never,4,4,once per week,1-2 hours/week,,,,,,,,,,,,,,,,sometimes,never,,Od 5 lat,"1. Od podstawówki (4 klasa) chciałem uczyć się języka rosyjskiego
2. Podjąłem taki kierunek na studiach, gdzie nauka języka rosyjskiego jest obowiązkowa",,,,,,,,,,,,,,,,
67,103,70120213,female,2000-05-10,2000-05,wym,Wilamowice,49.916321,19.152736,TRUE,Wilamowice,49.916321,19.152736,finished Bachelor,True,Wilamowice,NA,False,,I don't know,polish,,,,3,5,none,"Nikt nigdy mi nie powiedział na jakim poziomie posługuję się wilamowskim. Nie wiem, czy zajęcia w których brałam udział, można uznać za formalne.",9,9,True,angielski,English,7,8,hiszpański,Spanish,7,8,,,,,,,,,,,,,never,1-3,3,rarely,>1 hour/week,never,never,never,very unlikely,never,very unlikely,very unlikely,never,never,very unlikely,very unlikely,never,very unlikely,maybe,"Gdyby moi dziadkowie ze strony mamy żyli, to bym rozmawiała z nimi po wilamowsku bardzo często, o ile by chcieli, bo to był ich pierwszy język.",never,never,strongly agree,Od 2014 roku.,Chciałam nauczyć się języka przodków. Chciałam pomóc go ocalić.,2,2,they like it,they like it,no one,no one,,always,never,False,,never,strongly agree,strongly agree,strongly agree,
68,104,80092130,male,1999-03-27,1999-03,wym,Wilamowice,49.916321,19.152736,TRUE,Wilamowice,49.916321,19.152736,finished Bachelor,True,Wilamowice,3+,True,Mieszkam w miejscowości od urodzenia,definitely yes,polish,,,,3,6,none,Raczej tak. Dużo rozumiem ale sam mam problemy z mówieniem,9,9,True,Angielski,English,9,9,Japoński,Japanese,4,7,,,,,,,,,,,,,never,2,2,rarely,>1 hour/week,maybe,never,likely,likely,very unlikely,very likely,unlikely,very unlikely,very unlikely,maybe,very unlikely,very unlikely,maybe,likely,,sometimes,sometimes,strongly agree,Od ok. 8 lat,"Kontakty społeczne, ciekawość",5,8,they like it,they strongly support it,no one,no one,,always,never,False,,constructively,agree,neutral,agree,
